{
  "model_key": "qwen3_vl_2b_T2IMVI",
  "rbo_p": 0.9,
  "timestamp": "2026-02-07T07:31:11.401247",
  "scoring_weights": {
    "Figurative+Literal": 20,
    "Figurative": 15,
    "Literal": 10,
    "Partial Literal": 5,
    "None": 0
  },
  "score_types": [
    "s_pot",
    "s_fid",
    "fig_lit_avg"
  ],
  "comparison": {
    "s_pot": {
      "rbo_standard": 0.873,
      "rbo_with_ties": 0.973,
      "icc": 0.8387746877718902,
      "pearson": 0.8245494273944808,
      "mae": 15.522209457735546,
      "normalized_mae": 0.15522209457735545,
      "count": 1
    },
    "s_fid": {
      "rbo_standard": 0.873,
      "rbo_with_ties": 0.973,
      "icc": 0.8308640351843871,
      "pearson": 0.8165771516765488,
      "mae": 15.891785777554082,
      "normalized_mae": 0.15891785777554082,
      "count": 1
    },
    "fig_lit_avg": {
      "rbo_standard": 0.873,
      "rbo_with_ties": 0.973,
      "icc": 0.9074703899738983,
      "pearson": 0.8949291090899126,
      "mae": 12.26906840060034,
      "normalized_mae": 0.1226906840060034,
      "count": 1
    }
  }
}