{
  "model_key": "qwen3_vl_2b_T2IMVI",
  "score_field": "figurative_score",
  "rbo_p": 0.9,
  "timestamp": "2026-02-07T07:21:17.052209",
  "scoring_weights": {
    "Figurative+Literal": 20,
    "Figurative": 15,
    "Literal": 10,
    "Partial Literal": 5,
    "None": 0
  },
  "aggregate_stats": {
    "count": 1,
    "total_images": 5,
    "total_tie_groups": 1,
    "mean_rbo_standard": 0.873,
    "std_rbo_standard": 0.0,
    "min_rbo_standard": 0.873,
    "max_rbo_standard": 0.873,
    "median_rbo_standard": 0.873,
    "mean_rbo_with_ties": 0.973,
    "std_rbo_with_ties": 0.0,
    "min_rbo_with_ties": 0.973,
    "max_rbo_with_ties": 0.973,
    "median_rbo_with_ties": 0.973,
    "mean_icc": 0.8032731981488854,
    "std_icc": 0.0,
    "min_icc": 0.8032731981488854,
    "max_icc": 0.8032731981488854,
    "median_icc": 0.8032731981488854,
    "mean_pearson": 0.7941337107782901,
    "std_pearson": 0.0,
    "min_pearson": 0.7941337107782901,
    "max_pearson": 0.7941337107782901,
    "median_pearson": 0.7941337107782901,
    "mean_mae": 16.70640558920197,
    "std_mae": 0.0,
    "min_mae": 16.70640558920197,
    "max_mae": 16.70640558920197,
    "median_mae": 16.70640558920197,
    "mean_normalized_mae": 0.1670640558920197,
    "std_normalized_mae": 0.0,
    "min_normalized_mae": 0.1670640558920197,
    "max_normalized_mae": 0.1670640558920197,
    "median_normalized_mae": 0.1670640558920197
  },
  "idiom_results": [
    {
      "idiom_id": 1,
      "num_images": 5,
      "model_key": "qwen3_vl_2b_T2IMVI",
      "score_field": "figurative_score",
      "rbo_standard": 0.873,
      "rbo_with_ties": 0.973,
      "icc": 0.8032731981488854,
      "pearson_r": 0.7941337107782901,
      "mae": 16.70640558920197,
      "normalized_mae": 0.1670640558920197,
      "num_tie_groups": 1,
      "human_ranking_ids": [
        2,
        4,
        5,
        3,
        1
      ],
      "model_ranking_ids": [
        4,
        2,
        3,
        5,
        1
      ]
    }
  ]
}